Disease,Description
panic disorder,"An anxiety disorder characterized by recurrent unexpected panic attacks, which are sudden periods of intense fear or discomfort."
vocal cord polyp,"A benign growth on the vocal cords that can cause hoarseness, voice changes, and discomfort."
turner syndrome,"A chromosomal disorder affecting females, where one of the X chromosomes is missing or partially missing, leading to various developmental issues."
cryptorchidism,"A condition in which one or both of the testes fail to descend from the abdomen into the scrotum."
poisoning due to ethylene glycol,"A potentially fatal condition resulting from ingestion of ethylene glycol, commonly found in antifreeze, leading to metabolic acidosis and kidney failure."
atrophic vaginitis,"Thinning, drying, and inflammation of the vaginal walls due to a decrease in estrogen levels, commonly occurring after menopause."
fracture of the hand,"A break in one or more of the bones in the hand, often resulting from trauma or injury."
cellulitis or abscess of mouth,"A bacterial infection causing redness, swelling, and pain in the tissues of the mouth, potentially leading to the formation of an abscess."
eye alignment disorder,"Also known as strabismus, a condition where the eyes do not properly align with each other when looking at an object."
headache after lumbar puncture,"A common complication following a lumbar puncture, characterized by a headache that worsens when standing and improves when lying down."
pyloric stenosis,"A condition in infants causing narrowing of the pylorus, the opening from the stomach to the small intestine, leading to severe vomiting."
salivary gland disorder,"Conditions affecting the salivary glands, such as infections, blockages, or tumors, leading to symptoms like dry mouth, pain, and swelling."
osteochondrosis,"A group of disorders that affect the growth of bones in children and adolescents, leading to joint pain and stiffness."
injury to the knee,"Damage to the structures of the knee, including ligaments, cartilage, or bones, often resulting from trauma or overuse."
metabolic disorder,"A condition that disrupts normal metabolism, the process of converting food to energy on a cellular level."
vaginitis,"Inflammation of the vagina that can result in discharge, itching, and pain, often caused by infection."
sick sinus syndrome,"A collection of heart rhythm disorders where the sinus node doesn't function properly, leading to irregular heartbeats."
tinnitus of unknown cause,"The perception of ringing or buzzing in the ears without an external source, with no identifiable cause."
glaucoma,"A group of eye conditions that damage the optic nerve, often due to high intraocular pressure, which can lead to vision loss."
eating disorder,"Mental health conditions characterized by unhealthy eating habits, such as anorexia nervosa or bulimia nervosa."
transient ischemic attack,"Often called a mini-stroke, it's a temporary period of symptoms similar to those of a stroke, usually lasting a few minutes to hours without causing permanent damage."
pyelonephritis,"A type of urinary tract infection that has reached the kidney, causing inflammation and potentially leading to kidney damage."
rotator cuff injury,"Damage to the rotator cuff muscles or tendons in the shoulder, leading to pain and decreased range of motion."
chronic pain disorder,"A condition where pain persists for longer than 12 weeks despite medication or treatment."
problem during pregnancy,"Any health issues arising during pregnancy that can affect the mother, the baby, or both."
liver cancer,"A type of cancer that originates in the liver cells, with hepatocellular carcinoma being the most common form."
atelectasis,"A complete or partial collapse of a lung or lobe of a lung, resulting in reduced gas exchange."
injury to the hand,"Damage to the structures of the hand, including bones, nerves, tendons, or skin, often resulting from trauma."
choledocholithiasis,"The presence of gallstones in the common bile duct, which can lead to pain, jaundice, and infection."
injury to the hip,"Damage to the hip joint or surrounding tissues, often resulting from falls or direct trauma."
cirrhosis,"A late stage of scarring (fibrosis) of the liver caused by many forms of liver diseases and conditions, such as hepatitis and chronic alcoholism."
thoracic aortic aneurysm,"A bulging or dilation in the wall of the thoracic aorta, which can lead to life-threatening rupture if not treated."
subdural hemorrhage,"Bleeding between the dura mater and the brain, often resulting from head injury."
diabetic retinopathy,"A diabetes complication that affects eyes, caused by damage to the blood vessels of the light-sensitive tissue at the back of the eye (retina)."
fibromyalgia,"A disorder characterized by widespread musculoskeletal pain accompanied by fatigue, sleep, memory, and mood issues."
ischemia of the bowel,"Also known as mesenteric ischemia, a condition where there is reduced blood flow to the intestines, causing pain and potential bowel damage."
fetal alcohol syndrome,"A condition in a child resulting from alcohol exposure during the mother's pregnancy, causing brain damage and growth problems."
peritonitis,"Inflammation of the peritoneum, the tissue lining the inner wall of the abdomen and covering abdominal organs, usually due to infection."
injury to the abdomen,"Damage to the abdominal area, which can affect internal organs, blood vessels, or muscles, often resulting from trauma."
acute pancreatitis,"A sudden inflammation of the pancreas that can be mild or life-threatening but usually subsides."
thrombophlebitis,"Inflammation of a vein due to a blood clot, often occurring in the legs."
asthma,"A condition in which a person's airways become inflamed, narrow, and swell, producing extra mucus, leading to difficulty breathing."
foreign body in the vagina,"The presence of an object in the vaginal canal that shouldn't be there, potentially causing discomfort, discharge, or infection."
restless leg syndrome,"A condition characterized by an uncontrollable urge to move the legs, usually due to an uncomfortable sensation."
emphysema,"A lung condition that causes shortness of breath due to damage to the air sacs (alveoli) in the lungs."
cysticercosis,"A parasitic tissue infection caused by larval cysts of the tapeworm Taenia solium, which can affect the brain, muscles, and other tissues."
induced abortion,"A medical procedure performed to terminate a pregnancy."
teething syndrome,"A term used to describe the symptoms associated with an infant's teeth emerging through the gums, such as irritability and gum discomfort."
infectious gastroenteritis,"Inflammation of the stomach and intestines caused by viral, bacterial, or parasitic infections, leading to symptoms like diarrhea, vomiting, and abdominal pain."
acute sinusitis,"A short-term inflammation of the sinuses, often following a cold, causing congestion, facial pain, and nasal discharge."
"Substance-Related Mental Disorder","A condition involving the misuse of substances such as alcohol or drugs, leading to significant impairment or distress."
"Postpartum Depression","A complex mix of physical, emotional, and behavioral changes that occur in some women after giving birth."
"Coronary Atherosclerosis","A condition characterized by the buildup of plaque in the coronary arteries, reducing blood flow to the heart muscle."
"Spondylitis","Inflammation of the vertebrae, often leading to pain and stiffness in the spine."
"Pituitary Adenoma","A usually benign tumor of the pituitary gland that can affect hormone levels and cause various symptoms."
"Uterine Fibroids","Noncancerous growths of the uterus that often appear during childbearing years."
"Idiopathic Nonmenstrual Bleeding","Abnormal uterine bleeding without a known cause, not associated with the menstrual cycle."
"Chalazion","A slow-growing, painless lump in the eyelid caused by blockage of a meibomian gland."
"Ovarian Torsion","A medical emergency involving the twisting of the ovary, which can cut off its blood supply."
"Retinopathy Due to High Blood Pressure","Damage to the retina caused by high blood pressure, potentially leading to vision problems."
"Vaginal Yeast Infection","A fungal infection causing irritation, discharge, and intense itchiness of the vagina and vulva."
"Mastoiditis","An infection of the mastoid bone behind the ear, often resulting from untreated middle ear infections."
"Lung Contusion","A bruise of the lung tissue caused by trauma, leading to bleeding and swelling."
"Hypertrophic Obstructive Cardiomyopathy (HOCM)","A condition where the heart muscle becomes abnormally thick, obstructing blood flow."
"Ingrown Toenail","A common condition where the corner or side of a toenail grows into the soft flesh, causing pain and swelling."
"Pulmonary Eosinophilia","An increased number of eosinophils in the lungs, often due to allergic reactions or infections."
"Corneal Disorder","Any condition that affects the cornea, leading to visual impairment or discomfort."
"Foreign Body in the Gastrointestinal Tract","The ingestion of objects that may cause obstruction or injury to the digestive system."
"Endophthalmitis","A severe inflammation of the interior of the eye, usually caused by infection."
"Intestinal Malabsorption","A condition in which the small intestine cannot absorb nutrients properly, leading to deficiencies."
"Viral Warts","Skin growths caused by the human papillomavirus (HPV), commonly appearing on hands, feet, or genitals."
"Hyperhidrosis","A condition characterized by excessive sweating beyond what is necessary for temperature regulation."
"Stroke","A medical emergency where blood flow to part of the brain is interrupted, causing brain cells to die."
"Pilonidal Cyst","A cyst that forms near the tailbone, often containing hair and skin debris, which can become infected."
"Crushing Injury","Damage to the body caused by a compressive force, leading to potential fractures, bleeding, and organ damage."
"Normal Pressure Hydrocephalus","A condition characterized by the accumulation of cerebrospinal fluid in the brain's ventricles, causing walking difficulties, dementia, and urinary incontinence."
"Alopecia","The partial or complete loss of hair from areas of the body where it normally grows."
"Hashimoto Thyroiditis","An autoimmune disorder where the immune system attacks the thyroid gland, leading to hypothyroidism."
"Flat Feet","A condition in which the arches of the feet are flattened, causing the entire sole to touch the ground."
"Nonalcoholic Liver Disease (NASH)","A liver condition characterized by fat accumulation and inflammation, not related to alcohol consumption."
"Hemarthrosis","Bleeding into a joint space, often causing swelling and pain."
"Pelvic Organ Prolapse","A condition where pelvic organs drop from their normal position due to weakening of supporting muscles."
"Fracture of the Arm","A break in one or more of the bones in the arm, often caused by trauma or injury."
"Coagulation (Bleeding) Disorder","A condition affecting the blood's ability to clot properly, leading to excessive bleeding."
"Intracranial Hemorrhage","Bleeding within the skull, which can lead to increased pressure on the brain and neurological damage."
"Hyperkalemia","A condition characterized by elevated potassium levels in the blood, which can affect heart function."
"Cornea Infection","An infection of the cornea, often caused by bacteria, viruses, fungi, or parasites."
"Abscess of the Lung","A pus-filled cavity in the lung surrounded by inflamed tissue, usually caused by infection."
"Dengue Fever","A mosquito-borne viral infection causing flu-like symptoms and, in severe cases, bleeding and shock."
"Chronic Sinusitis","A long-lasting inflammation of the sinuses, leading to congestion, pain, and nasal discharge."
"Cholesteatoma","An abnormal, noncancerous skin growth in the middle ear behind the eardrum."
"Volvulus","A twisting of the intestine that can cause obstruction and cut off blood supply, leading to tissue death."
"Injury to the Finger","Damage to the finger resulting from trauma, which can include fractures, dislocations, or lacerations."
"Poisoning Due to Analgesics","Toxic effects resulting from an overdose or adverse reaction to pain-relieving medications."
"Atrial Fibrillation","An irregular and often rapid heart rate that can increase the risk of stroke and heart disease."
"Pinworm Infection","A common intestinal parasite infection causing anal itching and discomfort."
"Urethral Valves","Congenital obstructive membranes in the male urethra that can impede urine flow."
"Open Wound of the Neck","A break in the skin or underlying tissues of the neck, often requiring medical attention to prevent complications."
"Achalasia","A rare disorder making it difficult for food and liquid to pass into the stomach due to esophageal nerve damage."
"Conductive Hearing Loss","Hearing loss caused by problems in the outer or middle ear that prevent sound from reaching the inner ear."
"Abdominal Hernia","The protrusion of an organ or tissue through an abnormal opening in the abdominal wall."
"Cerebral Palsy","A group of disorders affecting movement and muscle tone, caused by damage to the developing brain."
"Marijuana Abuse","The excessive or problematic use of marijuana, leading to potential health and social issues."
"Cryptococcosis","A fungal infection caused by Cryptococcus species, often affecting the lungs and central nervous system."
"Obesity","A condition characterized by excessive body fat, increasing the risk of various health problems."
"Indigestion","Discomfort or pain in the upper abdomen, often associated with eating or digestive issues."
"Bursitis","Inflammation of the bursae, small fluid-filled sacs that cushion bones, tendons, and muscles near joints."
"Esophageal Cancer","A malignant tumor of the esophagus, the tube connecting the throat to the stomach."
"Pulmonary Congestion","An accumulation of fluid in the lungs, often due to heart failure, leading to breathing difficulties."
juvenile rheumatoid arthritis,A chronic autoimmune disorder causing joint inflammation and stiffness in children.
actinic keratosis,"A rough, scaly patch on the skin caused by excessive sun exposure, potentially precancerous."
acute otitis media,"A bacterial or viral infection of the middle ear, often causing ear pain and fever."
astigmatism,"A common eye condition where the cornea is irregularly shaped, leading to blurred vision."
tuberous sclerosis,"A genetic disorder causing benign tumors in multiple organs, including the brain and skin."
empyema,"A collection of pus in the pleural cavity, usually due to pneumonia or lung infection."
presbyacusis,"Age-related hearing loss, typically affecting higher sound frequencies first."
neonatal jaundice,A yellow discoloration of a newborn’s skin due to high bilirubin levels.
chronic obstructive pulmonary disease (copd),"A progressive lung disease that makes breathing difficult, often due to smoking."
dislocation of the elbow,A joint injury where the bones of the elbow are displaced from their normal alignment.
spondylosis,"Age-related degeneration of the spine, leading to stiffness and pain."
herpangina,"A viral infection causing small, painful ulcers in the mouth and throat, mostly in children."
injury to the shoulder,"Damage to the shoulder joint, muscles, or ligaments due to trauma or overuse."
poisoning due to antidepressants,"Toxic effects from an overdose of antidepressant medications, potentially life-threatening."
infection of open wound,"Bacterial invasion of an exposed wound, leading to inflammation, pus, and fever."
deep vein thrombosis (dvt),"A blood clot in a deep vein, usually in the legs, which can lead to serious complications."
protein deficiency,"A condition caused by insufficient protein intake, leading to muscle loss and weakened immunity."
myoclonus,"Sudden, involuntary muscle jerks, often seen in neurological disorders."
bone spur of the calcaneous,"A bony growth on the heel bone, often causing heel pain."
von willebrand disease,A genetic bleeding disorder that affects the blood's ability to clot properly.
open wound of the back,A deep cut or laceration on the back that may require medical attention.
heart block,"A problem with the electrical signals in the heart, causing irregular heartbeats."
colonic polyp,"A small growth in the colon lining, which may develop into cancer if untreated."
magnesium deficiency,"Low magnesium levels in the body, leading to muscle cramps and fatigue."
female infertility of unknown cause,The inability to conceive without an identifiable medical reason.
pericarditis,"Inflammation of the pericardium, the sac surrounding the heart, causing chest pain."
attention deficit hyperactivity disorder (adhd),"A neurodevelopmental disorder characterized by inattention, hyperactivity, and impulsivity."
pulmonic valve disease,"A condition affecting the pulmonary valve, leading to heart circulation issues."
tietze syndrome,A rare inflammatory disorder causing chest pain due to rib cartilage swelling.
cranial nerve palsy,"Weakness or paralysis of one or more cranial nerves, affecting facial movement or sensation."
injury to the arm,"Damage to the arm’s bones, muscles, or nerves due to trauma."
conversion disorder,A mental condition where neurological symptoms appear without a medical cause.
complex regional pain syndrome,A chronic pain condition usually affecting an arm or leg after an injury.
otosclerosis,An abnormal bone growth in the ear causing hearing loss.
injury to the trunk,"Trauma affecting the torso, including ribs, spine, or abdominal organs."
hypothyroidism,"A condition where the thyroid gland does not produce enough hormones, leading to fatigue and weight gain."
primary insomnia,A sleep disorder characterized by difficulty falling or staying asleep without an underlying cause.
lice,Small parasitic insects that infest human hair and cause itching.
vitamin b12 deficiency,"A lack of vitamin B12 leading to anemia, fatigue, and nerve damage."
diabetes,A metabolic disorder where the body cannot properly regulate blood sugar levels.
vulvodynia,Chronic pain in the vulva without an identifiable cause.
endometriosis,"A disorder where tissue similar to the uterus lining grows outside the uterus, causing pain and infertility."
vasculitis,"Inflammation of the blood vessels, leading to reduced blood flow and organ damage."
concussion,A mild traumatic brain injury caused by a blow to the head.
oral leukoplakia,White patches in the mouth that may be precancerous.
chronic kidney disease,A progressive loss of kidney function over time.
bladder disorder,"Various conditions affecting bladder function, such as incontinence or infections."
chorioretinitis,"Inflammation of the choroid and retina, affecting vision."
priapism,A prolonged and painful erection unrelated to sexual arousal.
myositis,Inflammation of the muscles leading to weakness and pain.
mononucleosis,"A viral infection, often caused by Epstein-Barr virus, leading to fever, fatigue, and swollen lymph nodes."
neuralgia,"Intense, sharp pain along a nerve pathway."
polycystic kidney disease,A genetic disorder causing multiple fluid-filled cysts in the kidneys.
bipolar disorder,A mental health condition causing extreme mood swings between mania and depression.
amyloidosis,"A rare disease where abnormal protein deposits accumulate in organs, affecting their function."
chronic inflammatory demyelinating polyneuropathy (cidp),A neurological disorder causing progressive muscle weakness due to nerve damage.
"Gastroesophageal Reflux Disease (GERD)","A digestive disorder where stomach acid frequently flows back into the esophagus, causing heartburn and irritation."
"Vitreous Hemorrhage","Bleeding into the vitreous humor of the eye, leading to vision impairment or loss."
"Poisoning Due to Antimicrobial Drugs","Toxic effects caused by excessive or inappropriate use of antimicrobial medications."
"Open Wound of the Mouth","An injury causing a break in the tissue inside the mouth, often due to trauma or surgery."
"Scleroderma","A chronic autoimmune disease causing hardening and tightening of the skin and connective tissues."
"Myasthenia Gravis","A neuromuscular disorder leading to muscle weakness and fatigue due to impaired communication between nerves and muscles."
"Hypoglycemia","A condition characterized by abnormally low blood sugar levels, leading to symptoms such as confusion, dizziness, and fainting."
"Idiopathic Absence of Menstruation","The absence of menstrual periods without an identifiable cause."
"Dislocation of the Ankle","A condition where the bones in the ankle joint are displaced from their normal alignment due to trauma."
"Carbon Monoxide Poisoning","A life-threatening condition caused by inhaling carbon monoxide gas, leading to oxygen deprivation."
"Panic Attack","A sudden episode of intense fear or anxiety, accompanied by physical symptoms like rapid heartbeat, sweating, and dizziness."
"Plantar Fasciitis","Inflammation of the plantar fascia, a thick band of tissue on the bottom of the foot, causing heel pain."
"Hyperopia","A common vision condition where distant objects are seen clearly but close ones appear blurry."
"Poisoning Due to Sedatives","Toxic effects resulting from excessive consumption of sedative medications."
"Pemphigus","A rare autoimmune disorder causing painful blisters on the skin and mucous membranes."
"Peyronie Disease","A condition characterized by the development of fibrous scar tissue inside the penis, causing curved, painful erections."
"Hiatal Hernia","A condition where part of the stomach pushes up through the diaphragm into the chest cavity."
"Extrapyramidal Effect of Drugs","Involuntary muscle movements or tremors caused by certain medications affecting the nervous system."
"Meniere Disease","A disorder of the inner ear causing vertigo, tinnitus, and hearing loss."
"Anal Fissure","A small tear in the lining of the anus that can cause pain and bleeding."
"Allergy","An immune system overreaction to substances such as pollen, food, or pet dander, leading to symptoms like sneezing and rashes."
"Chronic Otitis Media","A long-term middle ear infection that can cause hearing loss and drainage."
"Fracture of the Finger","A break in one of the bones of the finger, typically caused by trauma."
"Hirschsprung Disease","A congenital condition where nerve cells are missing in parts of the colon, causing bowel obstruction."
"Polymyalgia Rheumatica","An inflammatory disorder causing muscle pain and stiffness, especially in the shoulders and hips."
"Lymphedema","Swelling caused by a blockage in the lymphatic system, often affecting the arms or legs."
"Bladder Cancer","A type of cancer that begins in the cells of the bladder, leading to symptoms like blood in the urine."
"Acute Bronchospasm","A sudden tightening of the muscles around the airways, leading to difficulty breathing."
"Acute Glaucoma","A sudden increase in intraocular pressure that can cause severe eye pain and vision loss."
"Open Wound of the Chest","A penetrating injury to the chest, often requiring medical intervention."
"Dislocation of the Patella","A condition where the kneecap slips out of its normal position, causing pain and instability."
"Sciatica","Pain radiating along the sciatic nerve, often due to a herniated disc or spinal stenosis."
"Hypercalcemia","A condition characterized by elevated calcium levels in the blood, which can cause kidney stones and bone pain."
"Stress Incontinence","The involuntary leakage of urine during activities that put pressure on the bladder, such as coughing or sneezing."
"Varicose Veins","Enlarged, twisted veins often seen in the legs due to weakened vein walls and valves."
"Benign Kidney Cyst","A noncancerous fluid-filled sac that develops in the kidney, usually asymptomatic."
"Hydrocele of the Testicle","A fluid-filled sac around a testicle, causing swelling in the scrotum."
"Degenerative Disc Disease","A condition where spinal discs deteriorate, causing pain and reduced mobility."
"Hirsutism","Excessive hair growth in women in areas where men typically grow hair, such as the face and chest."
"Dislocation of the Foot","A condition where the bones in the foot are displaced from their normal alignment due to trauma."
"Hydronephrosis","Swelling of a kidney due to a build-up of urine, often caused by a blockage."
"Diverticulosis","The formation of small pouches in the colon wall, which can sometimes become inflamed or infected."
"Pain After an Operation","Postoperative pain resulting from surgical trauma, inflammation, or nerve damage."
"Huntington Disease","A genetic neurodegenerative disorder causing movement, cognitive, and psychiatric symptoms."
"Lymphoma","A type of blood cancer affecting the lymphatic system, leading to swollen lymph nodes and fatigue."
"Dermatitis Due to Sun Exposure","Skin inflammation caused by prolonged exposure to sunlight, leading to redness and irritation."
"Anemia Due to Chronic Kidney Disease","A condition where the kidneys fail to produce enough erythropoietin, leading to reduced red blood cell production."
"Injury to Internal Organ","Damage to an organ inside the body, often due to trauma."
"Scleritis","A painful inflammation of the sclera, the white outer layer of the eye."
"Pterygium","A benign growth of tissue on the eye, often associated with UV exposure."
"Fungal Infection of the Skin","A skin infection caused by fungi, leading to itching, redness, and scaling."
"Insulin Overdose","A condition caused by excessive insulin administration, leading to dangerously low blood sugar levels."
"Syndrome of Inappropriate Secretion of ADH (SIADH)","A disorder in which the body produces too much antidiuretic hormone, causing water retention and low sodium levels."
"Foreign Body in the Ear","An object lodged in the ear canal, which can cause pain and hearing loss."
"Premenstrual Tension Syndrome","A set of physical and emotional symptoms occurring before menstruation."
"Orbital Cellulitis","A serious infection of the tissues surrounding the eye, requiring prompt medical treatment."
"Injury to the Leg","Damage to the leg due to trauma, which may involve fractures, sprains, or cuts."
"Hepatic Encephalopathy","A decline in brain function due to severe liver disease, leading to confusion and altered consciousness."
"Bone Cancer","A malignant tumor in the bone, leading to pain and swelling."
"Syringomyelia","A rare disorder where a cyst forms within the spinal cord, causing nerve damage over time."
"Pulmonary Fibrosis","A lung disease characterized by scarring and stiffening of lung tissue, leading to difficulty breathing."
"Mitral Valve Disease","A condition affecting the mitral valve of the heart, leading to improper blood flow."
"Parkinson Disease","A progressive nervous system disorder affecting movement, often causing tremors and stiffness."
"Gout","A type of arthritis caused by uric acid crystal buildup in the joints, leading to severe pain and inflammation."
otitis media,"Inflammation of the middle ear, often due to infection."
drug abuse (opioids),"Addiction to opioids, causing dependence and withdrawal symptoms."
myelodysplastic syndrome,A group of disorders caused by poorly formed or dysfunctional blood cells.
fracture of the shoulder,A break in the upper arm bone or shoulder blade due to trauma.
acute kidney injury,"Sudden kidney failure or damage, leading to waste buildup in the body."
threatened pregnancy,A pregnancy at risk of miscarriage due to complications.
intracranial abscess,A localized collection of pus within the brain due to infection.
gum disease,"Inflammation of the gums, leading to bleeding and tooth loss if untreated."
open wound from surgical incision,A surgical incision that has not healed properly and remains open.
gastrointestinal hemorrhage,"Bleeding in the gastrointestinal tract, causing vomiting blood or black stools."
seborrheic dermatitis,"A common skin condition causing scaly, flaky, and itchy skin."
drug abuse (methamphetamine),"Addiction to methamphetamine, leading to severe psychological and physical issues."
torticollis,"A twisting of the neck, leading to head tilting or jerking movements."
poisoning due to antihypertensives,Toxicity caused by excessive use of blood pressure medications.
tension headache,"A headache caused by muscle tension, stress, or poor posture."
alcohol intoxication,"A condition caused by excessive alcohol consumption, leading to confusion and nausea."
scurvy,"A disease caused by vitamin C deficiency, leading to bleeding gums and fatigue."
narcolepsy,A sleep disorder causing sudden and uncontrollable sleep attacks.
food allergy,An adverse reaction of the immune system to certain foods.
labyrinthitis,"Inflammation of the inner ear, causing dizziness and balance issues."
anxiety,"Excessive worry or fear, often interfering with daily life."
impulse control disorder,"Difficulty controlling urges, leading to impulsive behaviors."
stenosis of the tear duct,"Narrowing of the tear ducts, causing excessive tearing or infections."
abscess of nose,A localized infection causing swelling and pus formation in the nose.
omphalitis,"An infection of the umbilical stump in newborns, causing redness and swelling."
leukemia,"A cancer of the blood-forming tissues, leading to abnormal blood cell production."
bell palsy,"Sudden weakness or paralysis of facial muscles, often temporary."
conjunctivitis due to allergy,Allergic reaction causing inflammation of the conjunctiva in the eyes.
drug reaction,"An adverse reaction to medication, causing rashes, swelling, or other symptoms."
adrenal cancer,"A rare cancer of the adrenal glands, affecting hormone production."
myopia,"Nearsightedness, where distant objects appear blurry."
osteoarthritis,A degenerative joint disease causing pain and stiffness.
thyroid disease,"Disorders affecting the thyroid gland, leading to hormone imbalances."
pharyngitis,"Inflammation of the throat, causing pain and difficulty swallowing."
chronic rheumatic fever,A chronic inflammatory disease affecting the heart and joints.
hypocalcemia,"Low calcium levels in the blood, leading to muscle cramps and weakness."
macular degeneration,"A condition affecting the retina, leading to vision loss in older adults."
pneumonia,"An infection of the lungs, causing cough, fever, and difficulty breathing."
cold sore,A viral infection causing painful blisters on the lips.
premature ventricular contractions (pvcs),Irregular heartbeats originating from the heart's ventricles.
testicular cancer,"A cancer affecting the testicles, commonly in young men."
hydrocephalus,An abnormal buildup of cerebrospinal fluid in the brain.
breast cancer,A common cancer affecting the breast tissue.
anemia due to malignancy,Anemia caused by the presence of cancer in the body.
esophageal varices,"Swollen veins in the esophagus, potentially leading to life-threatening bleeding."
endometrial cancer,"A cancer of the lining of the uterus, often causing abnormal bleeding."
cystic fibrosis,A genetic disorder causing thick mucus buildup in the lungs and digestive tract.
intertrigo (skin condition),A skin inflammation caused by moisture and friction in skin folds.
parathyroid adenoma,"A benign tumor of the parathyroid gland, leading to calcium imbalances."
glucocorticoid deficiency,"A deficiency of cortisol, leading to fatigue, low blood pressure, and weight loss."
temporomandibular joint disorder,A disorder causing pain and dysfunction in the jaw joint.
wilson disease,A genetic disorder causing copper accumulation in the body.
vesicoureteral reflux,A condition causing urine to flow backward from the bladder to the kidneys.
vitamin a deficiency,"A deficiency in vitamin A, leading to vision and immune system issues."
gonorrhea,A sexually transmitted bacterial infection affecting the genitals and throat.
fracture of the rib,A break in one or more ribs due to trauma.
ependymoma,A rare tumor arising from the lining of the brain's ventricles.
hepatitis due to a toxin,Liver inflammation due to exposure to toxic substances.
vaginal cyst,A benign cyst in the vaginal wall.
open wound of the shoulder,"An open wound on the shoulder, typically due to trauma."
ectopic pregnancy,"A pregnancy occurring outside the uterus, often in the fallopian tube."
chronic knee pain,"Persistent pain in the knee, often due to arthritis or injury."
pinguecula,"A yellowish bump on the eye, often due to UV exposure."
hypergammaglobulinemia,"An excess of certain proteins in the blood, leading to immune system issues."
alcohol abuse,"Excessive drinking of alcohol, leading to dependence and health problems."
carpal tunnel syndrome,"A condition causing numbness, tingling, and pain in the hand due to nerve compression."
pituitary disorder,"A disorder affecting the pituitary gland, leading to hormone imbalances."
kidney stone,"A hard deposit of minerals in the kidney, causing severe pain."
autism,A neurodevelopmental disorder affecting social and communication skills
Cat Scratch Disease,"A bacterial infection from cat scratches or bites, caused by Bartonella henselae."
Chronic Glaucoma,"A progressive eye disease damaging the optic nerve, often due to high intraocular pressure."
Retinal Detachment,"A medical emergency where the retina detaches, causing vision loss."
Aplastic Anemia,A rare disorder where bone marrow fails to produce enough blood cells.
Overflow Incontinence,Involuntary urine leakage due to an overfilled bladder.
Hemolytic Anemia,A condition where red blood cells are destroyed faster than they are made.
Lateral Epicondylitis (Tennis Elbow),"An overuse injury causing elbow pain, often from repetitive motion."
Open Wound of the Eye,An injury to the eye causing surface damage or penetration.
Syphilis,A sexually transmitted infection caused by Treponema pallidum.
Diabetic Kidney Disease,"Kidney disease caused by long-term diabetes, potentially leading to kidney failure."
Nose Disorder,Any disorder affecting the structure or function of the nose.
Drug Withdrawal,Symptoms caused by the sudden stop of a drug that was being used regularly.
Dental Caries,Tooth decay caused by bacteria breaking down sugars into acids.
Hypercholesterolemia,"High levels of cholesterol in the blood, increasing heart disease risk."
Fracture of the Patella,"A fracture of the kneecap, often due to direct trauma."
Kidney Failure,A condition where kidneys lose function and waste builds up in the body.
Fracture of the Neck,A severe injury where the bones in the neck break.
Muscle Spasm,Involuntary muscle contractions causing pain or tightness.
Hemophilia,A genetic disorder where blood doesn't clot properly due to missing clotting factors.
Hyperosmotic Hyperketotic State,A severe diabetic complication with extremely high blood sugar and dehydration.
Peritonsillar Abscess,"A pus-filled infection behind the tonsils, causing severe throat pain."
Gastroparesis,"A disorder where stomach muscles fail to move food properly, leading to delayed digestion."
Itching of Unknown Cause,Chronic itching with no identifiable medical cause.
Polycythemia Vera,"A blood disorder causing excessive red blood cell production, leading to thickened blood."
Thrombocytopenia,"A condition where blood has too few platelets, affecting clotting."
Head and Neck Cancer,Cancers affecting tissues in the head and neck region.
Pseudohypoparathyroidism,A genetic disorder affecting calcium regulation and bone health.
Goiter,An enlargement of the thyroid gland due to iodine deficiency or hormonal imbalance.
Urge Incontinence,Sudden and intense urge to urinate due to bladder muscle dysfunction.
Edward Syndrome,A genetic disorder causing severe developmental disabilities and birth defects.
Open Wound of the Arm,A traumatic injury resulting in an open wound on the arm.
Muscular Dystrophy,A group of genetic diseases causing muscle weakness and degeneration.
Mittelschmerz,A condition causing lower abdominal pain related to ovulation.
Corneal Abrasion,"A scratch or injury to the cornea, the eye’s clear outer layer."
Anemia of Chronic Disease,Anemia caused by chronic illnesses interfering with red blood cell production.
Dysthymic Disorder,A chronic form of depression with persistent low mood.
Scarlet Fever,"A bacterial infection causing fever, rash, and sore throat, often in children."
Hypertensive Heart Disease,Heart disease caused by prolonged high blood pressure.
Drug Abuse (Barbiturates),A condition where barbiturate drug use leads to addiction and health issues.
Polycystic Ovarian Syndrome (PCOS),"A hormonal disorder causing ovarian cysts, irregular periods, and infertility."
Encephalitis,"Inflammation of the brain, often caused by infections like viruses."
Cyst of the Eyelid,A small lump on the eyelid due to blocked oil glands.
Balanitis,"Inflammation of the head of the penis, usually due to infection or poor hygiene."
Foreign Body in the Throat,"A lodged object in the throat, potentially obstructing breathing."
Drug Abuse (Cocaine),Addiction and health effects from using the stimulant drug cocaine.
Optic Neuritis,"Inflammation of the optic nerve, often linked to multiple sclerosis."
Alcohol Withdrawal,Symptoms occurring when stopping alcohol after prolonged use.
Premature Atrial Contractions (PACs),Irregular heartbeats from premature electrical impulses in the atria.
Hemiplegia,"Paralysis affecting one side of the body, often due to a stroke."
Hammer Toe,A deformity where one or more toes bend abnormally.
Open Wound of the Cheek,A deep cut or injury affecting the cheek area.
Joint Effusion,"Excess fluid in a joint, often due to injury or arthritis."
Open Wound of the Knee,A deep cut or laceration on the knee.
Meningioma,A tumor arising from the membranes covering the brain and spinal cord.
Brain Cancer,A type of cancer affecting brain cells.
Placental Abruption,A serious pregnancy complication where the placenta separates from the uterus prematurely.
Seasonal Allergies (Hay Fever),Allergic reactions triggered by pollen and seasonal allergens.
Lung Cancer,A type of cancer that originates in the lungs.
Primary Kidney Disease,A broad term for kidney diseases not related to secondary causes.
Uterine Cancer,A type of cancer affecting the uterus.
Dry Eye of Unknown Cause,Dryness and irritation of the eyes without an identifiable cause.
Fibrocystic Breast Disease,A benign breast condition causing lumpy or painful breasts.
Fungal Infection of the Hair,A fungal infection affecting the scalp and hair.
Tooth Abscess,A bacterial infection at the root of a tooth causing pain and swelling.
Envenomation from Spider or Animal Bite,"Toxic effects from spider or animal bites, requiring medical attention."
VACTERL Syndrome,A rare genetic disorder affecting multiple organ systems.
Vertebrobasilar Insufficiency,A condition where blood flow to the brainstem is reduced.
Rectal Disorder,"Any disorder affecting the rectum, causing discomfort or dysfunction."
Atonic Bladder,A bladder condition leading to urine retention and overflow incontinence.
Benign Paroxysmal Positional Vertigo (BPPV),A condition causing dizziness due to inner ear issues.
Blepharospasm,Uncontrollable eyelid twitching due to nerve or muscle disorders.
Sarcoidosis,"An inflammatory disease affecting multiple organs, often of unknown cause."
Metastatic Cancer,A cancer that spreads from its original site to other parts of the body.
Trigger Finger (Finger Disorder),A condition causing fingers to lock or catch during movement.
Stye,"A painful, swollen lump on the eyelid due to an infected oil gland."
Hemochromatosis,A genetic disorder causing excess iron buildup in the body.
Osteochondroma,A benign bone tumor that forms cartilage and bone tissue.
Cushing Syndrome,A hormonal disorder caused by prolonged exposure to high cortisol levels.
typhoid fever,"A bacterial infection caused by Salmonella typhi, leading to high fever, weakness, and abdominal pain."
vitreous degeneration,"A condition where the vitreous humor in the eye deteriorates, causing floaters and vision changes."
atrophic skin condition,"A condition where the skin becomes thin and fragile, often due to aging or underlying disease."
aspergillosis,"A fungal infection caused by Aspergillus, affecting the lungs and sometimes spreading to other organs."
uterine atony,"Failure of the uterus to contract after childbirth, which can lead to severe bleeding."
trichinosis,"A parasitic infection from consuming undercooked meat, leading to muscle pain and digestive issues."
whooping cough,A contagious bacterial infection causing severe coughing fits and difficulty breathing.
open wound of the lip,"An injury to the lip causing a break in the skin or mucosal tissue, often due to trauma."
subacute thyroiditis,"Inflammation of the thyroid gland, often following a viral infection, causing pain and thyroid dysfunction."
oral mucosal lesion,"A lesion on the mucosal lining of the mouth, often caused by irritation, infection, or an underlying disease."
open wound due to trauma,A wound caused by trauma leading to a break in the skin or underlying tissues.
intracerebral hemorrhage,"Bleeding inside the brain tissue, often caused by high blood pressure or head trauma."
alzheimer disease,A progressive neurological disorder causing memory loss and cognitive decline.
vaginismus,"Involuntary muscle spasms of the vaginal wall, causing pain or difficulty with penetration."
systemic lupus erythematosis (sle),An autoimmune disease causing inflammation and damage to various organs and tissues.
premature ovarian failure,"A condition where the ovaries stop functioning before the age of 40, leading to infertility."
thoracic outlet syndrome,"A disorder caused by compression of nerves or blood vessels in the upper chest, leading to pain and numbness."
ganglion cyst,"A fluid-filled lump that forms on a tendon or joint, commonly on the wrist or hand."
dislocation of the knee,"A displacement of the knee joint, often caused by trauma or sports injuries."
crohn disease,"A chronic inflammatory bowel disease affecting the digestive tract, causing pain and diarrhea."
postoperative infection,"An infection that develops after surgery, often due to bacteria, causing pain and inflammation."
folate deficiency,A deficiency of folic acid leading to anemia and potential birth defects if during pregnancy.
fluid overload,"A condition where the body retains excess fluid, leading to swelling and potential organ strain."
atrial flutter,"An abnormal heart rhythm causing rapid contractions of the atria, leading to palpitations and dizziness."
skin disorder,"A broad term for conditions affecting the skin, such as eczema, acne, or dermatitis."
floaters,"Small specks or clouds that drift through a person’s field of vision, often due to aging."
tooth disorder,"Any disorder affecting teeth, including cavities, infections, and structural abnormalities."
heart attack,"A blockage of blood flow to the heart muscle, leading to chest pain and potential heart damage."
open wound of the abdomen,"An open wound in the abdominal area, often due to trauma or surgery."
fracture of the leg,"A break in one of the bones of the leg, such as the femur, tibia, or fibula."
oral thrush (yeast infection),"A fungal infection in the mouth, causing white patches and soreness, often in immunocompromised patients."
pityriasis rosea,"A temporary rash causing scaly, pinkish patches on the skin, often triggered by viral infections."
allergy to animals,"An allergic reaction to animal dander, saliva, or fur, leading to sneezing and itchy eyes."
orthostatic hypotension,"A drop in blood pressure when standing up, causing dizziness or fainting."
obstructive sleep apnea (osa),A sleep disorder causing repeated breathing interruptions due to airway obstruction.
hypokalemia,"A condition where potassium levels in the blood are too low, causing weakness and arrhythmias."
psoriasis,"A chronic autoimmune condition causing red, scaly patches on the skin."
dislocation of the shoulder,An injury where the upper arm bone pops out of the shoulder socket.
intussusception,"A serious condition where part of the intestine slides into an adjacent part, causing blockage."
cervicitis,"Inflammation of the cervix, often due to infection, leading to discharge and discomfort."
abscess of the pharynx,"A collection of pus in the throat, causing pain, fever, and difficulty swallowing."
primary thrombocythemia,"A blood disorder causing overproduction of platelets, leading to clotting or bleeding problems."
arthritis of the hip,"Inflammation of the hip joint, leading to pain and reduced mobility."
decubitus ulcer,"A pressure ulcer that forms due to prolonged pressure on the skin, often in bedridden individuals."
hypernatremia,"A condition where sodium levels in the blood are too high, leading to confusion and seizures."
sensorineural hearing loss,A type of hearing loss caused by damage to the inner ear or auditory nerve.
chronic ulcer,"A chronic wound that fails to heal properly, often due to poor circulation or diabetes."
osteoporosis,"A condition where bones become weak and brittle, increasing fracture risk."
ileus,"A blockage in the intestines, leading to pain, vomiting, and constipation."
sickle cell crisis,A painful episode in sickle cell disease caused by blocked blood vessels.
urethritis,"Inflammation of the urethra, often due to infection, causing pain and urinary issues."
prostatitis,"Inflammation of the prostate gland, causing pain and urinary difficulties."
otitis externa (swimmer's ear),"An outer ear infection, often due to water exposure, causing pain and swelling."
poisoning due to anticonvulsants,"Toxic effects from anticonvulsant medications, leading to confusion, drowsiness, or seizures."
testicular torsion,"A twisting of the spermatic cord, cutting off blood flow to the testicle, causing severe pain."
tricuspid valve disease,"A disease affecting the tricuspid valve of the heart, leading to blood flow issues."
urethral stricture,"A narrowing of the urethra, causing difficulty in urination and increased infection risk."
vitamin d deficiency,"A deficiency of vitamin D, leading to weak bones and increased fracture risk."
hydatidiform mole,"An abnormal growth of cells in the placenta, often leading to pregnancy complications."
pain disorder affecting the neck,"Chronic pain in the neck region, often caused by injury or underlying conditions."
tuberculosis,A bacterial infection that primarily affects the lungs but can spread to other organs.
pelvic fistula,"An abnormal connection between pelvic organs, leading to leakage of bodily fluids."
acute bronchiolitis,A viral infection that causes inflammation of the small airways in young children.
presbyopia,An age-related condition where the ability to focus on nearby objects declines.
dementia,"A group of symptoms affecting memory, thinking, and social abilities."
insect bite,"A reaction to an insect sting or bite, often leading to swelling and itching."
paroxysmal ventricular tachycardia,A type of irregular heart rhythm originating in the ventricles.
congenital heart defect,"A defect in the structure of the heart present at birth, affecting circulation."
connective tissue disorder,"A group of disorders affecting connective tissues, leading to pain and weakness."
foreign body in the eye,"A foreign object trapped in the eye, causing irritation or damage."
poisoning due to gas,Toxic exposure to gas leading to respiratory issues and poisoning symptoms.
pyogenic skin infection,"A bacterial skin infection causing redness, swelling, and pus formation."
endometrial hyperplasia,"An overgrowth of the uterine lining, often linked to hormonal imbalances."
acanthosis nigricans,"A skin condition causing dark, thick, velvety patches, often linked to insulin resistance."
central atherosclerosis,"Narrowing and hardening of central arteries, leading to reduced blood flow and increased heart disease risk."
viral exanthem,"A widespread skin rash caused by viral infections, often accompanied by fever and malaise."
noninfectious gastroenteritis,"Inflammation of the gastrointestinal tract not caused by infection, leading to nausea, vomiting, and diarrhea."
benign prostatic hyperplasia (bph),"An enlargement of the prostate gland, leading to urinary difficulties in aging men."
menopause,"The natural decline of reproductive hormones in women, marking the end of menstruation."
primary immunodeficiency,"A condition where the immune system is deficient or absent, increasing susceptibility to infections."
ovarian cancer,"A malignant tumor of the ovaries, often detected at advanced stages due to vague symptoms."
cataract,"A clouding of the eye's lens, leading to blurry vision and eventual blindness if untreated."
dislocation of the hip,"A displacement of the hip joint, often due to trauma or congenital conditions."
spinal stenosis,"A narrowing of the spinal canal, causing nerve compression, pain, and mobility issues."
intestinal obstruction,"A blockage in the intestines preventing the passage of food and fluids, leading to severe pain and vomiting."
heart contusion,"Bruising or injury to the heart muscle, often caused by blunt chest trauma."
congenital malformation syndrome,A genetic syndrome involving multiple congenital abnormalities affecting development.
sporotrichosis,"A fungal infection of the skin, lungs, or lymphatic system caused by Sporothrix schenckii."
lymphangitis,"Inflammation of the lymphatic vessels, often due to bacterial infections."
wernicke korsakoff syndrome,"A neurological disorder caused by thiamine deficiency, often seen in alcohol abuse, leading to confusion and memory loss."
intestinal disease,"A broad term for diseases affecting the intestines, including infections and inflammatory conditions."
acute bronchitis,"An inflammation of the bronchial tubes, often caused by viral infections, leading to cough and mucus production."
persistent vomiting of unknown cause,"Recurrent, unexplained vomiting episodes with no clear medical cause."
open wound of the foot,"An injury to the foot causing a break in the skin, often from trauma or puncture wounds."
myocarditis,"Inflammation of the heart muscle, often due to viral infections, leading to chest pain and heart failure."
preeclampsia,"A pregnancy complication characterized by high blood pressure and organ damage, potentially life-threatening."
ischemic heart disease,A group of heart conditions caused by narrowed arteries reducing blood supply to the heart.
neurofibromatosis,"A genetic disorder causing tumor growth along nerves, leading to neurological and skin abnormalities."
chickenpox,A highly contagious viral infection causing an itchy rash and flu-like symptoms.
pancreatic cancer,"A malignant tumor of the pancreas, often detected late due to vague symptoms."
neuropathy due to drugs,"Nerve damage caused by toxic effects of medications, leading to pain and numbness."
croup,"A viral infection causing swelling of the upper airway, leading to a barking cough and breathing difficulty."
idiopathic excessive menstruation,Excessively heavy menstrual bleeding with no clear underlying cause.
amblyopia,"A vision disorder where the brain ignores input from one eye, leading to reduced vision in that eye."
meckel diverticulum,A congenital pouch in the intestine that may cause bleeding or obstruction.
dislocation of the wrist,"A dislocation of the wrist joint, often due to trauma or falls."
ear drum damage,"Damage to the eardrum from trauma, infection, or loud noises, leading to pain and hearing loss."
erectile dysfunction,"Difficulty achieving or maintaining an erection, often due to physical or psychological factors."
temporary or benign blood in urine,"Temporary blood in urine due to minor injury, infection, or exertion."
kidney disease due to longstanding hypertension,"Chronic kidney disease caused by long-term high blood pressure, leading to kidney failure."
chondromalacia of the patella,"Softening and damage to the cartilage in the knee, leading to pain and mobility issues."
onychomycosis,"A fungal infection of the nails, causing thickened, discolored nails."
urethral disorder,"A disorder affecting the urethra, leading to pain, difficulty urinating, or infections."
lyme disease,"A bacterial infection transmitted by ticks, causing fever, joint pain, and neurological issues."
iron deficiency anemia,"A lack of iron in the blood, leading to fatigue, weakness, and pale skin."
acute respiratory distress syndrome (ards),A severe lung condition causing fluid buildup and respiratory failure.
toxic multinodular goiter,"An overactive thyroid condition caused by multiple nodules, leading to hyperthyroidism."
open wound of the finger,"An injury to the finger causing a break in the skin, often due to cuts or trauma."
autonomic nervous system disorder,"A disorder affecting involuntary body functions, leading to issues with heart rate, digestion, and sweating."
psychosexual disorder,A disorder involving sexual dysfunctions or distress related to sexual behavior.
anemia,"A condition with reduced red blood cells, leading to fatigue and weakness."
tendinitis,"Inflammation of a tendon, leading to pain and limited movement."
common cold,"A common viral infection causing a runny nose, cough, and sore throat."
amyotrophic lateral sclerosis (als),A neurodegenerative disease causing muscle weakness and eventual paralysis.
central retinal artery or vein occlusion,"A blockage of blood flow in the central retinal artery or vein, leading to vision loss."
paroxysmal supraventricular tachycardia,"A rapid heart rhythm disorder originating above the ventricles, causing palpitations and dizziness."
venous insufficiency,"Poor circulation in the veins, leading to swelling, pain, and varicose veins."
trichomonas infection,"A sexually transmitted infection caused by a parasite, leading to vaginal or urethral irritation."
acne,"A skin condition causing pimples, blackheads, and inflammation."
depression,"A mood disorder causing persistent sadness, loss of interest, and emotional distress."
drug abuse,A compulsive use of drugs leading to dependence and health complications.
urinary tract obstruction,"A blockage in the urinary tract, leading to difficulty urinating and kidney problems."
diabetes insipidus,A disorder where the body fails to regulate fluid balance due to hormone deficiencies.
iridocyclitis,"Inflammation of the iris and ciliary body of the eye, causing pain and blurred vision."
varicocele of the testicles,"Enlargement of veins in the scrotum, which may lead to infertility."
irritable bowel syndrome,"A chronic disorder causing abdominal pain, bloating, and changes in bowel habits."
fracture of the foot,"A break in the bones of the foot, often due to trauma or stress."
ovarian cyst,"A fluid-filled sac on the ovary, often harmless but sometimes causing pain or complications."
chlamydia,"A common sexually transmitted bacterial infection, often asymptomatic but treatable."
parasitic disease,"An infection or infestation caused by parasites, affecting various organs."
fracture of the jaw,"A break in the jawbone, often due to trauma or accidents."
lipoma,"A benign fatty tumor under the skin, often painless."
female genitalia infection,"An infection of the female genitalia, often caused by bacteria or yeast."
pulmonary hypertension,"High blood pressure in the lungs, leading to shortness of breath and heart strain."
thyroid nodule,"A lump or growth in the thyroid gland, which may be benign or cancerous."
broken tooth,"A break or crack in a tooth, often due to injury or decay."
dumping syndrome,"A condition where food moves too quickly from the stomach to the intestines, causing nausea and diarrhea."
lymphadenitis,"Inflammation of the lymph nodes, often due to infection."
injury to the face,"Trauma to the face, leading to bruising, fractures, or swelling."
aortic valve disease,"A condition affecting the aortic valve, leading to heart complications."
rheumatoid arthritis,"An autoimmune disease causing joint pain, swelling, and damage."
spermatocele,"A fluid-filled cyst in the testicle, often painless."
impetigo,A contagious bacterial skin infection causing sores and crusting.
anal fistula,"A small abnormal connection between the anal canal and skin, causing pain and discharge."
hypothermia,"A dangerous drop in body temperature, leading to confusion and slow heart rate."
oppositional disorder,A behavioral disorder in children marked by defiance and hostility.
migraine,"A neurological disorder causing severe, recurrent headaches."
"diabetic peripheral neuropathy","A type of nerve damage that can occur in individuals with diabetes, affecting the legs and feet, leading to pain, numbness, and weakness."
"testicular disorder","Any condition affecting the testicles, including hormonal imbalances, structural abnormalities, or malignancies, potentially impacting fertility and hormone production."
"gestational diabetes","A form of diabetes that develops during pregnancy, characterized by high blood sugar levels that can affect both mother and baby's health if not managed properly."
"hidradenitis suppurativa","A chronic skin condition featuring small, painful lumps under the skin, typically in areas where skin rubs together, such as the armpits and groin."
"valley fever","An infection caused by inhaling spores of the fungus Coccidioides, prevalent in certain arid regions, leading to flu-like symptoms and, in severe cases, lung complications."
"conjunctivitis due to bacteria","Inflammation of the conjunctiva caused by bacterial infection, resulting in redness, swelling, and a sticky discharge from the eyes."
"lewy body dementia","A progressive neurological disorder characterized by abnormal protein deposits called Lewy bodies in the brain, leading to cognitive decline, visual hallucinations, and motor symptoms."
"multiple myeloma","A cancer of plasma cells in the bone marrow, leading to bone pain, anemia, kidney dysfunction, and increased susceptibility to infections."
"head injury","Any trauma to the scalp, skull, or brain, ranging from mild concussions to severe brain damage, potentially causing cognitive, physical, and emotional impairments."
"ascending cholangitis","A serious bacterial infection of the bile ducts, often due to obstruction, leading to fever, jaundice, and abdominal pain."
"idiopathic irregular menstrual cycle","Irregular menstrual periods without an identifiable cause, potentially affecting fertility and indicating underlying health issues."
"interstitial lung disease","A group of disorders causing progressive scarring of lung tissue, leading to chronic cough, shortness of breath, and decreased oxygen levels."
"mononeuritis","Inflammation or damage to a single peripheral nerve, causing pain, weakness, or loss of function in the affected area."
"malaria","A life-threatening disease caused by Plasmodium parasites, transmitted through the bite of infected Anopheles mosquitoes, leading to fever, chills, and flu-like symptoms."
"somatization disorder","A mental health condition characterized by recurring, multiple physical complaints without a medical explanation, often linked to psychological distress."
"hypovolemia","A condition characterized by a decreased volume of circulating blood in the body, leading to symptoms like dizziness, rapid heartbeat, and, in severe cases, shock."
"schizophrenia","A chronic psychiatric disorder involving distortions in thinking, perception, emotions, and behavior, often manifesting as hallucinations and delusions."
"knee ligament or meniscus tear","Injury to the ligaments or meniscus of the knee, resulting in pain, swelling, and instability, commonly occurring during sports activities."
"endocarditis","Inflammation of the inner lining of the heart chambers and valves, usually due to infection, leading to fever, heart murmurs, and potential heart failure."
"sepsis","A life-threatening condition caused by the body's extreme response to an infection, leading to tissue damage, organ failure, and death if not promptly treated."
"heat stroke","A severe heat-related illness occurring when the body overheats, with core temperature exceeding 104°F (40°C), leading to confusion, organ damage, and potentially death."
"cholecystitis","Inflammation of the gallbladder, often due to gallstones blocking the cystic duct, causing severe abdominal pain, fever, and nausea."
"cardiac arrest","A sudden cessation of heart function, leading to loss of consciousness and absence of breathing, requiring immediate medical intervention."
"cardiomyopathy","A group of diseases affecting the heart muscle, leading to impaired ability to pump blood, potentially resulting in heart failure."
"social phobia","An anxiety disorder characterized by intense fear of social situations, leading to avoidance behaviors and significant distress in social interactions."
"meningitis","Inflammation of the protective membranes covering the brain and spinal cord, often due to infection, leading to headache, fever, and neck stiffness."
"spherocytosis","A hereditary condition characterized by the presence of spherocytes (abnormally shaped red blood cells) in the blood, leading to hemolytic anemia."
"hormone disorder","Any imbalance or dysfunction in the body's hormone production or regulation, affecting various bodily functions and processes."
"raynaud disease","A condition causing some areas of the body, particularly fingers and toes, to feel numb and cold in response to cold temperatures or stress due to small artery spasms."
"reactive arthritis","Joint inflammation that develops as a reaction to an infection in another part of the body, often affecting the knees, ankles, and feet."
"scabies","A contagious skin infestation caused by the mite Sarcoptes scabiei, leading to intense itching and a pimple-like rash."
"ear wax impaction","Accumulation of earwax causing blockage of the ear canal, leading to hearing loss, discomfort, and sometimes dizziness."
"hypertension of pregnancy","High blood pressure that develops during pregnancy, potentially leading to complications such as preeclampsia if not managed appropriately."
"peripheral arterial embolism","A sudden blockage of an artery in the limbs due to an embolus, leading to pain, numbness, and potential tissue damage."
"rosacea","A chronic skin condition causing redness, visible blood vessels, and sometimes acne-like bumps on the face."
"fracture of the skull","A break in one or more bones of the skull, potentially leading to brain injury, bleeding, and other complications."
"uveitis","Inflammation of the uvea, the middle layer of the eye, causing redness, pain, blurred vision, and light sensitivity."
"fracture of the facial bones","Breaks in the bones of the face, often resulting from trauma, leading to pain, swelling, and deformity."
"tracheitis","Inflammation of the trachea, often due to bacterial infection, leading to cough, fever, and breathing difficulties."
"jaw disorder","Any condition affecting the temporomandibular joint (TMJ) or jaw muscles, causing pain, clicking sounds, and difficulty chewing."
"perirectal infection","An infection occurring in the tissues surrounding the rectum, often leading to abscess formation and pain."
"breast cyst","Fluid-filled sacs within the breast tissue, often benign but sometimes causing discomfort or pain."
"post-traumatic stress disorder (ptsd)","A mental health condition triggered by experiencing or witnessing a traumatic event, leading to flashbacks, nightmares, and severe anxiety."
"kidney cancer","A type of cancer that originates in the kidneys, with renal cell carcinoma being the most common type, often presenting with blood in the urine and flank pain."
"vulvar cancer","A rare cancer occurring on the outer surface area of the female genitalia, often presenting with itching, pain, or a lump."
"blepharitis","Inflammation of the eyelids, leading to redness, swelling, itching, and crusting of the eyelashes."
"celiac disease","An immune reaction to eating gluten, a protein found in wheat, barley, and rye, leading to damage in the small intestine's lining and hindering nutrient absorption."
"cystitis","Inflammation of the bladder, often caused by a bacterial infection, resulting in pain, urgency, and frequent urination."
"sickle cell anemia","A genetic blood disorder causing red blood cells to become misshapen and break down, leading to anemia, pain, and potential organ damage."
"subconjunctival hemorrhage","A condition where a small blood vessel breaks just underneath the eye's clear surface, causing a red spot on the white of the eye."
"hemorrhoids","Swollen veins in the lower rectum and anus, leading to discomfort, itching, and bleeding during bowel movements."
"contact dermatitis","A skin rash caused by contact with a certain substance, leading to redness, itching, and inflammation."
"sinus bradycardia","A slower than normal heart rate, originating from the heart's natural pacemaker, which may cause dizziness, fatigue, or no symptoms at all."
"high blood pressure","A condition where the force of the blood against the artery walls is too high, potentially leading to heart disease and stroke."
"pelvic inflammatory disease","An infection of the female reproductive organs, often caused by sexually transmitted bacteria, leading to pain and potential fertility issues."
"liver disease","A broad term encompassing various conditions affecting liver function, including hepatitis, fatty liver, and cirrhosis."
"chronic constipation","A condition characterized by infrequent bowel movements or difficulty passing stools, persisting for several weeks or longer."
"thyroid cancer","A type of cancer that originates in the thyroid gland, which regulates metabolism, and may present as a lump in the neck."
"flu","A contagious respiratory illness caused by influenza viruses, leading to symptoms like fever, cough, and body aches."
"friedreich ataxia","A rare inherited disease causing progressive damage to the nervous system, leading to movement problems and loss of coordination."
"tic (movement) disorder","A condition characterized by sudden, repetitive, nonrhythmic movements or sounds, such as blinking or throat clearing."
"skin polyp","A small, benign growth on the skin's surface, often appearing as a bump or tag."
"brachial neuritis","An inflammation of the brachial plexus nerves, causing sudden shoulder and arm pain followed by weakness or numbness."
"cervical cancer","A malignant tumor of the cervix, often associated with human papillomavirus (HPV) infection."
"adrenal adenoma","A benign tumor of the adrenal gland, which may affect hormone production and lead to various symptoms."
"esophagitis","Inflammation of the esophagus, often caused by acid reflux, leading to pain and difficulty swallowing."
"gas gangrene","A severe form of tissue death caused by bacterial infection, producing gas within tissues and leading to rapid spread and systemic toxicity."
"yeast infection","An overgrowth of Candida fungi, commonly affecting areas like the mouth (thrush) or genital region, leading to itching and discharge."
"spina bifida","A birth defect where the spine and spinal cord don't form properly, potentially causing physical and intellectual disabilities."
"drug poisoning due to medication","Harmful effects resulting from the ingestion or exposure to excessive amounts of a drug or medication."
"alcoholic liver disease","Liver damage resulting from excessive alcohol consumption, leading to conditions like fatty liver, hepatitis, or cirrhosis."
"malignant hypertension","A severe form of high blood pressure that progresses rapidly and can lead to organ damage."
"diverticulitis","Inflammation or infection of small pouches (diverticula) that can form in the walls of the digestive tract, leading to abdominal pain and fever."
"moyamoya disease","A rare, progressive cerebrovascular disorder caused by blocked arteries at the base of the brain, leading to strokes or hemorrhages."
"heat exhaustion","A heat-related illness resulting from excessive exposure to high temperatures, causing symptoms like heavy sweating and rapid pulse."
"psychotic disorder","A mental health condition characterized by a disconnection from reality, including symptoms like delusions and hallucinations."
"frostbite","Damage to skin and underlying tissues caused by extreme cold, leading to numbness and discoloration of affected areas."
"atrophy of the corpus cavernosum","A condition involving the degeneration or shrinkage of the corpus cavernosum, erectile tissue in the penis."
"smoking or tobacco addiction","Dependence on nicotine found in tobacco products, leading to health issues like lung disease and cancer."
"sprain or strain","Injuries to ligaments (sprain) or muscles/tendons (strain) caused by overstretching or tearing."
"essential tremor","A neurological disorder causing involuntary and rhythmic shaking, often in the hands."
"open wound of the ear","A break in the skin or tissue of the ear, often caused by trauma."
"foreign body in the nose","The presence of an object in the nasal cavity, which can cause discomfort or breathing difficulties."
"idiopathic painful menstruation","Menstrual pain without an identifiable cause, also known as primary dysmenorrhea."
"down syndrome","A genetic disorder caused by the presence of an extra chromosome 21, leading to developmental and intellectual delays."
"idiopathic infrequent menstruation","Irregular menstrual cycles without a known cause, also referred to as oligomenorrhea."
"pneumothorax","A collapsed lung occurring when air leaks into the space between the lung and chest wall, causing sudden chest pain and shortness of breath."
"de quervain disease","A painful condition affecting the tendons on the thumb side of the wrist, leading to pain and swelling."
"fracture of the vertebra","A break in one of the bones forming the spine, potentially causing pain and mobility issues."
"human immunodeficiency virus infection (hiv)","A virus that attacks the body's immune system, potentially leading to acquired immunodeficiency syndrome (AIDS) if untreated."
"mumps","A viral infection affecting the salivary glands, leading to swelling, fever, and muscle aches."
"subarachnoid hemorrhage","Bleeding in the space between the brain and the thin tissues covering it, often due to a ruptured aneurysm, leading to sudden severe headache and potential neurological impairment."
"acute fatty liver of pregnancy (aflp)","A rare, potentially life-threatening complication of pregnancy characterized by the accumulation of fat in liver cells, leading to liver dysfunction."
"ectropion","A condition where the eyelid turns outward, exposing the inner surface and leading to irritation and dryness."
"scar","Fibrous tissue that replaces normal skin after an injury, resulting in a mark left on the skin."
"lactose intolerance","The inability to digest lactose, a sugar found in milk and dairy products, leading to gastrointestinal symptoms like bloating and diarrhea."
"eustachian tube dysfunction (ear disorder)","Impairment of the eustachian tube's ability to equalize middle ear pressure, causing symptoms like ear fullness and hearing difficulties."
"appendicitis","Inflammation of the appendix, causing abdominal pain, fever, and nausea; requires prompt medical attention."
"graves disease","An autoimmune disorder leading to overactivity of the thyroid gland (hyperthyroidism), resulting in symptoms like weight loss, rapid heartbeat, and bulging eyes."
"dissociative disorder","A mental health condition involving disruptions or breakdowns of memory, awareness, identity, or perception."
"open wound of the face","An injury resulting in a break in the skin on the face, potentially involving bleeding and risk of infection."
"dislocation of the vertebra","A condition where a vertebra is displaced from its normal position, potentially compressing spinal nerves and causing pain or neurological symptoms."
"phimosis","A condition where the foreskin of the penis cannot be retracted over the glans, potentially leading to discomfort or infection."
"hyperemesis gravidarum","Severe nausea and vomiting during pregnancy, leading to dehydration and weight loss."
"pregnancy","The condition of carrying one or more embryos or fetuses in the womb."
"thalassemia","A group of inherited blood disorders characterized by reduced hemoglobin production, leading to anemia."
"placenta previa","A pregnancy complication where the placenta covers the cervix, leading to bleeding and potential delivery complications."
"epidural hemorrhage","Bleeding between the inner surface of the skull and the outer layer of the dura mater, often due to trauma."
"septic arthritis","Infection in a joint, leading to pain, swelling, and fever; requires prompt treatment to prevent joint damage."
"athlete's foot","A fungal infection affecting the skin between the toes, leading to itching, redness, and cracking."
"pleural effusion","Accumulation of excess fluid between the layers of the pleura surrounding the lungs, causing chest pain and breathing difficulties."
"aphakia","Absence of the lens of the eye, often due to surgical removal, leading to focusing difficulties."
"vulvar disorder","Any condition affecting the external female genitalia, leading to symptoms like itching, pain, or lesions."
"sialoadenitis","Inflammation of a salivary gland, often due to infection, causing pain and swelling."
"gynecomastia","Enlargement of male breast tissue, often due to hormonal imbalances or medication side effects."
"urinary tract infection","Infection in any part of the urinary system, causing symptoms like burning urination and frequent urges to urinate."
"histoplasmosis","A fungal infection caused by inhaling spores, leading to respiratory symptoms and, in severe cases, affecting other organs."
"erythema multiforme","An acute skin reaction characterized by red, target-like spots, often in response to infections or medications."
"scoliosis","A sideways curvature of the spine, which can lead to posture issues and, in severe cases, breathing difficulties."
"bunion","A bony bump that forms on the joint at the base of the big toe, causing pain and deformity."
"arrhythmia","An irregular heartbeat, which can be too fast, too slow, or erratic, potentially leading to various health complications."
"trigeminal neuralgia","A chronic pain condition affecting the trigeminal nerve, leading to severe facial pain."
"ankylosing spondylitis","A type of arthritis that causes inflammation of the spine and large joints, leading to stiffness and pain."
"peripheral nerve disorder","Conditions affecting the peripheral nerves, leading to symptoms like weakness, numbness, and pain, often in the hands and feet."
"sebaceous cyst","A noncancerous, small lump beneath the skin, often appearing on the face, neck, or torso, filled with sebum."
"poisoning due to antipsychotics","Toxic effects resulting from an overdose or adverse reaction to antipsychotic medications."
"neurosis","A term historically used to describe a range of mental health conditions involving chronic distress but without delusions or hallucinations."
"prostate cancer","A malignant tumor in the prostate gland, common in older men, which can affect urinary and sexual function."
"cerebral edema","Swelling of the brain caused by the accumulation of fluid, leading to increased intracranial pressure."
"dislocation of the finger","Displacement of the bones in a finger joint, leading to pain, deformity, and impaired function."
"birth trauma","Physical injury sustained by a newborn during delivery, which can affect various parts of the body."
"chronic pancreatitis","Long-standing inflammation of the pancreas that alters its normal structure and functions, leading to digestive issues and pain."
"hematoma","A localized collection of blood outside the blood vessels, due to a break in the wall of a blood vessel."
"carcinoid syndrome","A set of symptoms caused by a carcinoid tumor, including flushing, diarrhea, and wheezing, due to hormone secretion."
"open wound of the head","An injury resulting in a break in the skin on the head, potentially involving bleeding and risk of infection."
"seborrheic keratosis","A common noncancerous skin growth that appears as a brown, black, or light tan growth on the face, chest, shoulders, or back."
"burn","Damage to the skin or other tissues caused by heat, chemicals, electricity, or radiation."
"spontaneous abortion","The medical term for a miscarriage, referring to the loss of a pregnancy before the fetus can survive outside the uterus."
"genital herpes","A sexually transmitted infection caused by the herpes simplex virus, leading to painful sores in the genital area."
"adjustment reaction","An emotional or behavioral response to a stressful event or change, considered excessive or impairing daily functioning."
"gallstone","Solid particles that form in the gallbladder, which can block bile flow and cause pain."
"multiple sclerosis","A disease in which the immune system attacks the protective covering of nerves, leading to communication problems between the brain and the rest of the body."
"zenker diverticulum","A pouch that can form at the junction of the throat and esophagus, leading to swallowing difficulties and regurgitation."
"fracture of the pelvis","A break in one or more bones of the pelvis, often due to trauma, leading to pain and mobility issues."
"pneumoconiosis","A group of lung diseases caused by inhaling certain dusts, leading to lung inflammation and scarring."
"hyperlipidemia","An excess of lipids or fats in the blood, increasing the risk of heart attack and stroke."
"ulcerative colitis","A chronic inflammatory bowel disease causing inflammation and ulcers in the lining of the large intestine."
"male genitalia infection","Infections affecting the male genital organs, such as Candida balanitis, causing redness, itching, and discomfort."
"hpv","A viral infection causing skin or mucous membrane growths (warts), with some types leading to cancer."
"angina","Chest pain due to reduced blood flow to the heart, often described as squeezing or pressure in the chest."
"injury to the spinal cord","Damage to the spinal cord resulting in changes in strength, sensation, and other body functions below the injury site."
"nasal polyp","Soft, painless, noncancerous growths on the lining of the nasal passages or sinuses."
"lichen simplex","A chronic skin condition characterized by thickened, leathery, and itchy patches of skin due to repeated scratching."
"trichiasis","A condition where eyelashes grow inward toward the eye, causing irritation by rubbing against the cornea or conjunctiva."
"acariasis","Infestation with mites, leading to skin irritation and other related symptoms."
"colorectal cancer","Cancer that starts in the colon or rectum, often beginning as benign polyps that become cancerous over time."
"skin pigmentation disorder","Conditions affecting skin color due to issues with melanin production, such as albinism or melasma."
"factitious disorder","A mental disorder where a person deliberately produces or exaggerates symptoms of illness for attention or other motives."
"lymphogranuloma venereum","A sexually transmitted infection caused by certain types of Chlamydia trachomatis, leading to genital ulcers and lymph node swelling."
"galactorrhea of unknown cause","Unexpected milk production not associated with childbirth or nursing, with no identifiable cause."
"g6pd enzyme deficiency","A genetic disorder leading to reduced activity of the G6PD enzyme, causing red blood cells to break down prematurely."
"nerve impingement near the shoulder","Compression of nerves near the shoulder, causing pain, numbness, or weakness in the arm."
"toxoplasmosis","An infection caused by the Toxoplasma gondii parasite, often asymptomatic but potentially serious in immunocompromised individuals."
"fibroadenoma","A benign breast tumor characterized by solid, noncancerous lumps that are usually painless and movable."
"open wound of the hand","An injury involving a break in the skin of the hand, exposing underlying tissues and increasing infection risk."
"missed abortion","A condition where the fetus has died but remains in the uterus without signs of miscarriage."
"diabetic ketoacidosis","A serious complication of diabetes characterized by high blood sugar, ketone production, and metabolic acidosis."
"granuloma inguinale","A sexually transmitted infection caused by Klebsiella granulomatis, leading to ulcerative genital lesions."
"obsessive compulsive disorder (ocd)","A mental health disorder characterized by intrusive thoughts (obsessions) and repetitive behaviors (compulsions)."
"injury of the ankle","Damage to the structures of the ankle, including sprains, strains, or fractures."
"hyponatremia","A condition where sodium levels in the blood are abnormally low, leading to symptoms like nausea and confusion."
"stricture of the esophagus","Narrowing of the esophagus, causing difficulty swallowing and potential obstruction."
"fracture of the ankle","A break in one or more of the bones forming the ankle joint."
"soft tissue sarcoma","A group of cancers originating in the soft tissues like muscles, fat, nerves, and blood vessels."
"bone disorder","Any condition affecting the structure or function of bones, such as osteoporosis or Paget's disease."
"epilepsy","A neurological disorder characterized by recurrent, unprovoked seizures."
"personality disorder","A type of mental disorder involving enduring maladaptive patterns of behavior, cognition, and inner experience."
"shingles (herpes zoster)","A viral infection causing a painful rash, resulting from the reactivation of the varicella-zoster virus."
"tourette syndrome","A neurological disorder characterized by repetitive, involuntary movements and vocalizations called tics."
"avascular necrosis","Death of bone tissue due to a lack of blood supply, leading to joint pain and potential collapse of the bone."
"strep throat","A bacterial infection causing inflammation and pain in the throat, caused by Streptococcus pyogenes."
"spinocerebellar ataxia","A group of genetic disorders characterized by progressive coordination and balance difficulties due to cerebellar degeneration."
"osteomyelitis","An infection in a bone, leading to inflammation and bone destruction."
"sjogren syndrome","An autoimmune disorder characterized by dry eyes and mouth due to the body's immune system attacking its own moisture-producing glands."
"adhesive capsulitis of the shoulder","Also known as frozen shoulder, it's characterized by stiffness and pain in the shoulder joint."
"viral hepatitis","Inflammation of the liver caused by viral infections, such as hepatitis A, B, C, D, or E."
"tonsillar hypertrophy","Enlargement of the tonsils, which can cause breathing difficulties and recurrent infections."
"gastritis","Inflammation of the stomach lining, leading to symptoms like nausea, vomiting, and stomach pain."
"skin cancer","The uncontrolled growth of abnormal skin cells, often due to UV radiation exposure."
"rheumatic fever","An inflammatory disease that can develop as a complication of untreated or poorly treated strep throat or scarlet fever."
"aphthous ulcer","Commonly known as canker sores, these are small, shallow lesions that develop on the soft tissues in the mouth."
"tonsillitis","Inflammation of the tonsils, typically caused by viral or bacterial infections, leading to sore throat and difficulty swallowing."
"intestinal cancer","Cancer that occurs in the small intestine, a rare form of cancer affecting the digestive tract."
"rocky mountain spotted fever","A bacterial infection transmitted by tick bites, causing fever, rash, and potentially severe complications."
"stomach cancer","A disease in which malignant cells form in the lining of the stomach, leading to various gastrointestinal symptoms."
"developmental disability","A group of conditions due to an impairment in physical, learning, language, or behavior areas, often diagnosed before adulthood."
"acute stress reaction","A psychological condition arising in response to a terrifying or traumatic event, characterized by anxiety and dissociation."
"delirium","An abrupt change in the brain causing mental confusion and emotional disruption, leading to confusion and reduced awareness of the environment."
"callus","A thickened and hardened part of the skin that develops in areas subjected to repeated friction, pressure, or irritation."
"guillain barre syndrome","A rare neurological disorder where the body's immune system attacks the nerves, leading to muscle weakness and sometimes paralysis."
"lumbago","A general term referring to lower back pain, which can result from various underlying conditions affecting the lumbar region."
"deviated nasal septum","A condition where the nasal septum is displaced to one side, potentially causing breathing difficulties and nasal congestion."
"hemangioma","A benign tumor made up of blood vessels, often appearing as a red birthmark on the skin."
"peripheral arterial disease","A circulatory condition where narrowed arteries reduce blood flow to the limbs, causing leg pain during walking."
"chronic back pain","Persistent pain in the back lasting more than three months, which can result from various medical conditions or injuries."
"heart failure","A chronic condition where the heart doesn't pump blood as well as it should, leading to fatigue and shortness of breath."
"conjunctivitis","Inflammation or infection of the outer membrane of the eyeball and the inner eyelid, causing redness and irritation."
"herniated disk","A condition where the soft center of a spinal disk pushes through a crack in the tougher exterior casing, potentially irritating nearby nerves."
"rhabdomyolysis","A serious syndrome due to direct or indirect muscle injury, resulting in the release of muscle fiber contents into the blood, which can lead to kidney damage."
"breast infection (mastitis)","An infection of the breast tissue that results in breast pain, swelling, warmth, and redness, often affecting breastfeeding women."
"abdominal aortic aneurysm","An enlarged area in the lower part of the aorta, the major blood vessel supplying blood to the body, which can be life-threatening if it ruptures."
"pulmonary embolism","A blockage in one of the pulmonary arteries in the lungs, usually caused by blood clots that travel to the lungs from the legs."
"conduct disorder","A range of antisocial types of behavior displayed in childhood or adolescence, including aggression and rule violation."
"mastectomy","A surgical operation to remove one or both breasts, partially or completely, often performed to treat or prevent breast cancer."
"epididymitis","Inflammation of the epididymis, a tube at the back of the testicle that stores and carries sperm, causing pain and swelling."
"premature rupture of amniotic membrane","A condition where the amniotic sac breaks before labor begins, which can lead to complications if it occurs before 37 weeks of pregnancy."
"molluscum contagiosum","A viral skin infection that results in round, firm, painless bumps ranging in size from a pinhead to a pencil eraser."
"necrotizing fasciitis","A rare but serious bacterial infection that destroys tissue under the skin, often referred to as a 'flesh-eating disease.'"
"benign vaginal discharge (leukorrhea)","A normal vaginal discharge that is usually clear or milky and may have a mild odor."
"bladder obstruction","A blockage at the base or neck of the bladder that reduces or prevents urine from passing into the urethra."
"melanoma","The most serious type of skin cancer, developing in the cells that produce melanin, the pigment that gives skin its color."
"cervical disorder","Any abnormal condition affecting the cervix, the lower part of the uterus that opens into the vagina."
"laryngitis","Inflammation of the larynx, or voice box, causing hoarseness or loss of voice."
"dyshidrosis","A skin condition that causes small, fluid-filled blisters to form on the palms of the hands and sides of the fingers."
"poisoning due to opioids","A potentially life-threatening condition resulting from the excessive consumption of opioid drugs, leading to respiratory depression and other symptoms."
"diaper rash","A common form of inflamed skin (dermatitis) that appears as a patchwork of bright red skin on a baby's bottom."
"lichen planus","An inflammatory condition that can affect the skin, hair, nails, and mucous membranes, presenting as purplish, itchy, flat bumps."
"gastroduodenal ulcer","A sore that develops on the lining of the stomach or the first part of the small intestine (duodenum)."
"inguinal hernia","A condition in which soft tissue, often part of the intestine, protrudes through a weak point or tear in the lower abdominal wall."
"eczema","A condition that makes the skin red, inflamed, and itchy; it's common in children but can occur at any age."
"asperger syndrome","A developmental disorder affecting the ability to effectively socialize and communicate, considered to be on the autism spectrum."
"mucositis","Painful inflammation and ulceration of the mucous membranes lining the digestive tract, often as an adverse effect of chemotherapy and radiotherapy."
"paronychia","An infection of the skin around a fingernail or toenail, leading to redness, swelling, and pain."
"open wound of the jaw","A break in the skin of the jaw area, exposing underlying tissues and potentially leading to infection."
"white blood cell disease","Any disorder affecting white blood cells, which are crucial components of the immune system."
"kaposi sarcoma","A type of cancer that forms in the lining of blood and lymph vessels, causing purple or red patches on the skin or mucous membranes."
"spondylolisthesis","A condition in which one of the bones in the spine (vertebrae) slips out of place onto the bone below it."
"pseudotumor cerebri","A condition characterized by increased pressure around the brain without the presence of a tumor, leading to headaches and vision problems."
"conjunctivitis due to virus","Inflammation of the conjunctiva caused by a viral infection, leading to redness, itching, and discharge from the eyes."
"open wound of the nose","A break in the skin of the nose, exposing underlying tissues and increasing the risk of infection."